{"cameraMode":{"drawMode":0,"name":"Shaded","section":"Shading Mode"},"sceneLighting":true,"audioPlay":false,"sceneViewState":{"showFog":true,"showMaterialUpdate":false,"showSkybox":true,"showFlares":true,"showImageEffects":true,"showParticleSystems":true},"in2DMode":false,"pivot":{"x":-11.979999542236329,"y":1.8799999952316285,"z":-15.829999923706055},"rotation":{"x":0.26704132556915285,"y":0.6789069175720215,"z":-0.2934614419937134,"w":0.6177855134010315},"size":22.0,"orthographic":true}